Entry,Entry Name,Length,Sequence,EC number,Date of creation
A0A0M0ELU2,GQQA_KOMEU,281,MNGERIIAFQGRPGAYSDLACRQARPGWTTLPCQTFAQTIAAVHDGRAELAMLACENSLAGRVPDIHALLPEAGLFIVGEHFQRVEHCLLGIPGSTLADARRIHTHPVAMAQVRGIITELGLDPVVEFDTAGAAEMVREWGRKEDVAVASALAAELNGLEILRRNVEDATHNTTRFYIASRRPATLPPPGPGFMTTLLFRVNNQPGALYKALGGLATAGVNMTRLESYMLEGSFSATQFLMDVEGHPEAPPLARALDELSFFSEQQEILGVYPASPFRRKP,3.5.1.97; 4.2.1.51,2024-10-02
A0A1C8AX29,PIGK_MONRU,2014,MEASDQSQAKLTLSFGGIQHAFSVPIEDLSALQDQKDAFLRSRSQASLSETREPCSPAELMLDYLEFLSCRNLPPPLTKPVLLAFSRNFLHNTEIHSLLAKPEYTPQTRRRLVRTYYMAALSAAESHVKESALLDAARQGNFQLAAVFGGQSTANPACVRELAELFAAYTPFLGDLISTAAPTLSALCRLPETKEHFCGRHIDIETWLHDPASIPDGDFIATAPVSCPVVGLLNLAHYAVTCHVLGKTPGELRSHLQGVTGHSQGIVAAVAISLSDSWESFYEAARMTVETLFWIGFECHQRSPRTSVSLDQVQDSLQNGHGRPSCMLSIVGLSRAHIQDILLKLNRSLPEDEQVYLALDNARDSFVVAGPSCSLVHLHTYLRSLKADASIDQTRIPHSLRKPTVQHQFLPISVPFHTPYLQEAARAIKERLFPWRVVSGKLTIPVYDNRTGNDLRKSDNVNLIHTMVDSICWEPCSWPAALGIENISHIVAFGSGGVGELAMRLKDGQGVRVIIGSEFQSRDEEIGTKADLFSPTLLASSTIVGSWGERFRPRLSKSPTGEVKIETKLSRLLDTPPLMVAGMTPTTAAWDFVSAITNAGYHVELAGGGYYDMDAMAVAVKKLVASIPPGRGITCNVIYASPQTLSGQVTLLRRLSSQGLPIDGLTIGAGIPSLEVVSEYIQALGLRHISLKPGSITAIREVIEIAKAHPDFPIILQWTGGRGGGHHSFEDFHAPILRTYGALRRCSNIILVAGSGFGGSEDTYPYLSGTWSAQYGLPAMPFDGILLGSRIMVAKEAHTSPAAKRLITEASGVSDSDWEKTYQEATGGVITVVSEMGQPIHKIATRGVLFWAEMDKTIFSLPRTKRVPELLKRRDYIIKRLNADFAKPWFGQNSKGEPVDLSEMTYIEVLRRLVALMYVSHQSRWIDPSYMTLLMDVSVRILERFSIVDELDDALVLREPHRFVENIVRLCPPAAHDILSPEDVAWFLLRCKARGQKPVNFIPALDDDFETFFKKDSLWQSEDVDALIDQDAGRCCILHGPVAAQYSQDRDEPAKEILDGITQSWIDMIRHDFYPGGVTPSSDSGSLSSESWSVLTPDLTSRDESALLDIIPEMQAYCPSISSLGRSGSPWIHALLSDEFILQGRDRRPNPCRRVFHFGPGGSLQFDRAKSEITVSMENHAGNRSVMRIVCENGADISVDLQQPSAYTDEMVSLPLKFQYDPGMVPVGISEVMEGRNERIKSFYSKVWFGEDICRGMNARSVFHGSEMALTEAMHRDLLSTVSLAYPHSETALSGVDVFPISVGMFPVWDAMARPLVVNDIDGDLLRLVHESNTFEYCEASTPLRVGDVVSSTAAVRAVYIEDAGKHVVVEASIERSGKPVMKVVSTFLFKGVFNDWNSTFKTNKEPELVLDVQSDLDELVLRDREWLLLHDPSQSLVGCSLLFRLETQVTWKNRNTYRSLDVSGLVFLQQASDDLKEIGAVAFHAGECVGNPVLSFLQRKGSPATSPTPLTSPGWPGVSSLEVQLPTSNEMYTRTSRDYNPIHVSPLFSQWADLPGTITQGMYTSAISAAVLEHLALNGDRRRFRRFSARFTDMVLPGDRLLVNVKHVGSIQGRMLFNVSAFKQATNNMVLEAEAELEQPPTAFFFTGQGSQKPNMGMDLYNSSPVAKAIWDEADKYIFETYGWSILDIVKNNPKTLTIHFRGKHGRKIRANYLSMENKTVTPDGQIVKKPILPGLTDQTQSYTFTEPSGLLFFSTFAQPSIVVMEKATFEDMRSKGLIPQSAVFAGHSLGEYGALLAFSGFMSVRNLVDLVFYRGLSMQFAMERDERGETNFGMVAASPQRVGKSDAVFTESHLRSLVQMISIASHELLEMVNLNIENEQYVCAGTDTETQLLLEEMSTTEDRTTTKLYKLILKSIPATKKLPMPIRLQRGRCTIPIPGIDVPFHSSYLRSTVSSYRKILQQYISEEDVHLERLVGRWIPNVTAKPFMADEGYVREVFNITQSPILKEMLEL,1.3.1.9; 2.3.1.38; 2.3.1.39; 2.3.1.86; 3.1.2.14; 4.2.1.59,2024-05-29
A0A1D5AG16,PIGJ_MONRU,1842,MAVRKLVPETAPVVDDAPASTSVDHKRSLAHKLLIELLSYQLALPVRWIETQNELLQWPETIQRYVEVGPRTTLVTMAKKTAARRASSQIVSASKLSTLKFLCTSDNTAEIYYEYPQESGAPVEEEGSKSDAAAPALAVSGSSRTATTAKATVTTPSSSSPETAPPAASTPSQGTPAGGSTTPDIPLSAKHVVLAMIAQKFRRAFDNIPTQKTVQELSGGKSTLQNEIMGDLAVEFGQLPDGGEYIPLDALGDALQGNFPGKPGKQMSSLITKLISRKMPGGFNQAAMQNHLEREWGFSKAHGQVVICLAITVEPESRLESADSAREFLDGLVSRYASYAGITMTPRGKGNVSADHSSAVMVDESVLNGIKREQRDYQIKELELLSKHLQLDTAADDAVLNELRASQKSLEEKLDRWASEFDDKFFSGIEAIFDARKVRQYDSWWNWAREDTMRLLSRMRPGQLPLQHLQEQGLVAQLLRRWEPSCAEIVQNFLDTGECKEPFLATAAEILRLGSDALKKSPVYRFTTPSMKPRTVISATGCVEYSEVPRENSSYIALLKQGLVAASGERVPYVHLKKKAPDQAWRYDAQSTEILLEALGTGSGAGLTFSGKTVLVTGAGPNSIGAAVVRGLLNGGAKVIVTTSRSVSSAASFFQRMYRECAARGATMAVVPFNQASKRDCESLVEYIYGAHSPVDGDLDYLVPFGAIPEKVELSKLDGASELAHRAMLVNILRILGLVYKEKEQRGLRTRPTTVIVPLSFNLGGFGGDGLYPESKIGLEALFNRYFSGNWSDYLSICGAAIGWVRGTTLSQSIRLLGEAIEHANGLDVITFSQEEMAFNILALMTPSIAETCEEGPVYADLTGGAKAIANIKDVMAAARAKFLKESSIQKALLAERAYEQRVLYGSESPRNDTSSPRPRLSTKRARLSLEFPEVPSKSDLKAHLVDLQGMVDLSRTVVVVGFSELGPWGNARTRWQMEHLTDLTPEGYIEMAWIMGLVEHFQGHLDGKPFVGWVDAQTKQPVADAEFKEKYQAHILAHAGLRFVEPDLLGGYDPSKKEFLQEIVVEEALPSFSTSKANADAFRLRLGDKVAVRRMPESDEYLVQVKRGAHFFVPKAVPFNRGVAGLLPAGWDPLRYGIPEDIVQQVDPVTLYALCCVSEALLSAGIRDPYELYRYIHVSELANCLGTGAGAQSAAQRLYKKRYLDHAVQSDILSESFLNTTAAWVNMLVFSSTGPIKTPVGACATAIESLDIGCDAIRSGRSQVALVGGYDDFREEASYEFAMMNATASSVGELAQGRLPREMSRPSTTTRGGFVESAGCGVQLIMNAELAIEMGLPIHAIIAYTQMAGDKIGRSIPAPGQGILTAARETSAGHDSALLDLAHRRKRLTDEVDAVHQWVTQQLAATRGPAGWPDRAIDEIEATALRKIKHAQHAWGNDIRCQDPSISPLKASLATWGLTIDDVQVVSMHGTSTKANDTNEADVISQQMDHLGRRPGNPLLAVCQKALTGHPKGAAGAWQLHGCMQMLQTGIVPGNRNADNIDSKLRQHRHIVYPMESMPMPQLKAAMLTSFGFGQKGGIAVVVAARHLFSAMAEDELEAYRRRVAKRQREADSAYVSGIMSKSLFKAKEVSVWGKSDASMSRMLLDPKARVGGHPENNNNNNNNSSSKRNTSIERLTRLLLPSQKPETEASPEGQQSTSLTASIQALLASQSTTRPTSTSIGVDVEAISSIPMGNAVFLERNFTRSERDHCFSSPTPQASFAGRWSAKEAVFKSLQTPSVGAGAAMAEIEIVSDGGVPKVQLHGRAKEVALAKGIRNIQASITHSGETVTAVALAESSPMC,1.1.1.100; 2.3.1.41; 2.3.1.86,2024-05-29
A0A6N3IN21,SDSL_RAT,329,MEGASAECVRAEPFHRVTPLLESWALSQVAGMPVFLKYENVQIAGSFKIRGIGHFCQQMAKRGCRHLVCSSGGNAGIAAAYSAQKLGIPVTIVLPESTSKQVVRRLEGEGAEVQLTGKVWDEANVRAQELATRDGWVNVSPFDHPLIWEGNASLVRELKESLRTPPGAVVLAVGGGGLLAGVVAGLLEVGWQHVPIVAMETRGAHSFNAALLAGRLVTLPDITSVARSLGAKTVAARTLECAKECEVLSEVVEDREAVRAVQRFLDDERMLVEPACGAALAAVYSGILGRLQTEGRLSPALDSVVVIVCGGNNISSQQLQELKTQLNCS,4.3.1.17; 4.3.1.19; 5.1.1.3,2024-07-24
A2I7M2,POLG_FMDA1,2329,MNTTDCFVALIHIFREIKALFLSRTQGKMEFTLHNGEKKTFYSRPNNHDNCWLNTILQLFRYVDEPFFDWVYDSPENLTLEAIKQLEEVTGLELHEGGPPALVIWNIKHLLHTGVGTASRPSEVCMVDGTDMCLADSHAGIFLKGQEHAVFACVTSNGWYAIDDEDFYPWTPDPSDVLVFVPYDQEPLNGEWKAKVQKRLKGAGQSSPATGSQNQSGNTGSIINNYYMQQYQNSMDTQLGDNAISGGSNEGSTDTTSTHTNNTQNNDWFSRLASSAFSGLFGALLADKKTEETTLLEDRILTTRNGHTTSTTQSSVGVTYGYAVAEDAVSGPNTSGLETRVTQAERFFKKHLFDWTPDLSFGHCHYLELPSEHKGVFGSLMSSYAYMRNGWDIEVTAVGNQFNGGCLLVALVPELKELDTRQKYQLTLFPHQFINPRTNMTAHINVPYVGVNRYDQYELHKPWTLVVMVVAPLTVKTGGSEQIKVYMNAAPTYVHVAGELPSKEGIVPVACVDGYGNMVTTDPKTADPVYGKVSNPPRTSFPGRFTNFLDVAEACPTFLRFGEVPFVKTVNSGDRLLAKFDVSLAAGHMSNTYLAGLAQYYTQYSGTMNIHFMFTGPTDAKARYMVAYIPPGMTPPTDPERAAHCIHSEWDTGLNSKFTFSIPYLSAADYAYTASDVAETTSVQGWVCIYQITHGKAEGDALVVSVSAGKDFEFRLPVDARQQTTTTGESADPVTTTVENYGGETQTARRLHTDVAFVLDRFVKLTQPKSTQTLDLMQIPSHTLVGALLRSATYYFSDLEVALVHTGPVTWVPNGAPKTALNNHTNPTAYQKQPITRLALPYTAPHRVLSTVYNGKTTYGEESSRRGDLAALARRVNNRLPTSFNYGAVKADTITELLIRMKRAETYCPRPLLALDTTQDRRKQKIIAPEKQTLNFDLLKLAGDVESNPGPFFFSDVRSNFTKLVDTINQMQEDMSTKHGPDFNRLVSAFEELATGVKAIRTGLDEAKPWYKLIKLLSRLSCMAAVAARSKDPVLVAIMLADTGLEILDSTFVVKKISDSLSSLFHVPAPVFSFGAPVLLAGLVKVASSFFRSTPEEPERAEKQLKARDINDIFAILKNGEWLVKLILAIRDWIKAWIAPEEKFVTMTDLVPGILEKQPDLNGPSKYKEAKEWLDNARQACLKSGNVHIANLCKVVAPAPSKSRPEPVVVCLRGKSGQGKSFLADVLAQAISTHYTGRIDSVWYCPPDLDHFDGYNQQTVVVMDDLGQNPDGKDFKYFAQMVSTTGFIPPMASLEDKGKPFNSKVIIATTNLYSGFTPRTMVCPDALNRRFHFDIDVSAKDGYKINNKLDIIKALEDTHTNPVAMFQYDCALLNGMAVEMKRMQQDMFKPQPPLQNVYQLVQEVIDRVELHEKVSSHPIFKQISIPSQKSVLYFLIEKGQHEAAIEFFEGMVHDSIKEELRPLIQQTSFVKRAFKRLKENFEIVALCLTLLANIVIMIRETRKRQQMVNDAVNEYIDKANITTDDKTLDEAEKNPLETSGASTVGFRERTLPGRKTSDDVNSEPVKSVEEQPQAEGPYAGAFERQKTLKVRAKLPQQEGPYAGPMERQKPLKVKAKAPVVKEGPYEGPVKKPVALKVKAKNLIVTESGAPPTDLQKMVMGNTKPVELILDGKTVAICCATGVFGTAYLVPRHLFAEKYDKIMLDGRAMTDSDYRVFEFEIKVKGQNMLSDAALMVLHRGNRVRDITKHFRDVAKMKKGTPVVGVINNADVGRLIFSGEALTYKDIVVCMDGDTMPGLFAYKAVTRAGYCGGAVLAKDGAETFIVGTHSAGGNGVGYCSCVSRSMLLKMKAHIDPEPHHEGLIVDTRDVEERVHVMRKTKLAPTVAHGVFNPEFGPAALSNKDPRLNEGVVLDEVIFSKHKGDTKMSEEDKALFRRCAADYASRLHSVLGTANAPLSIYEAIKGVDGLDAMEPDTAPGLPWALQGKRRGALIDFENGTVGPEVEAALKLMEKREYKFACQTFLKDEIRPMEKVRAGKTRIVDVLPVEHILYTRMMIGRFCAQMHSNNGPQIGSAVGCNPDVDWQRFGTHFAQYRNVWDVDYSAFDANHCSDAMNIMFEEVFRTEFGFHPNAEWILKTLVNTEHAYENKRIVVEGGMPSGCSATSIINTILNNIYVLYALRRHYEGVELDTYTMISYGDDIVVASDYDLDFEALKPHFKSLGQTITPADKSDKGFVLGHSITDVTFLKRHFHMDYGTGFYKPVMASKTLEAILSFARRGTIQEKLISVAGLAVHSGPDEYRRLFEPFQGLFEIPSYRSLYLRWVNAVCGDA,2.7.7.48; 3.4.22.28; 3.4.22.46; 3.6.1.15,2024-07-24
A5D791,E2AK3_BOVIN,1115,MERATGPGSLARTLLLPLLLGLVAGTVTARRTSDLLAPTAEAAFGLGAAAAPTSATRVPATGAVIAAEVTVEDSEALPAAAGEQEAREPEPEPEEEPDIRPCGRSLVIISTLDGRIAALDPENHGKKQWDLDVGSGSLVSSSLSKPEVFGNKMIIPSLDGDLFQWDRDRESMETVPFTVESLLESSYKFGDDVVLVGGKSLTTYGLSAYSGKVRYICSALGCRQWDNDEMEQEEDILLLQRTQKTVRAVGPRSGNEKWNFSVGHFELRYIPDMETRAGFIESTLKPSGNKEQSKIISDVEEQEAVMMDTVIKVSVADWKVMAFNKKGGHLEWEYQFCTPIASAWLVKDGKVIPISLFDDTSYAPNDGVLEDEEDIVEAARGATENSVYLGMYRGQLYLQSSVRISEKFPTSPKALESVSSENAIIPLPTIKWKPLIHSPSRTPVLVGSDEFDKCLSNDKFSHEEYSNGALSILQYPYDNGYYLPYYKRERNKRSTQITVRFLDNPNYKNIRKKDPVLLLHWWKEIVGTIVFCIVATTFIVRRLFHPHPHRQRKESETQCQTENKYDAVSGEANDSSWNDIKNSGYVSRYLTDFEPIQCMGRGGFGVVFEARNKVDDCNYAIKRIRLPNRELAREKVMREVKALAKLEHPGIVRYFNAWLEAPPEKWQEKMDEIWLKDDSTDWPLSSPSPVDAPSVKIRRMDPFSTKECIEIIAPSPHSSRSFSVGISCSQTSSSESQFSPLEFSGMDHGNVSKSADAVCQLQDSCLTDCEGEDGTMDGNDEGHSFELCPSEASPYIRSRERTSSSIVFEDSGCDNASSKEEPRMNQPPVGNHYANKLSALRHSGSKSSEPTVSVSPSRPTTLSLDLTKSSVGKLQPSSPKVYLYIQMQLCRKENLKDWLNSRCTIEARERSVCLHIFLQIAEAVEFLHSKGLMHRDLKPSNIFFTMDDVVKVGDFGLVTAMDQDEEDQMVLTPMPGYARHTGQVGTKLYMSPEQIHGNSYSHKVDIFSLGLILFELLYPFGTQMERVRILTDVRDLKFPPLFAQKYPREYAMVQDMLSPSPTERPEAASIIENAIFEDLEFPEKTLLRQRSRSMSSPGAKHSRHSSSPHSPLPSN,2.7.10.2; 2.7.11.1,2024-11-27
E5D8F2,POLG_HRV15,2153,MGAQVSRQNNGTHENGVTASNGSVIKYFNINYYKDSASSGLSRQDFSQDPSKFTQPLVDTLTNPALMSPSVEACGYSDRLKQITIGNSTITTQDSLHTVLAYGEWPTYLSDIDATSVDKPTHPETSADRFYTLDSVEWQVGSHGWWWKLPDALKDMGVFGQNMYYHSMGRSGFIIHTQCNATKFHSGALIVAVIPEHQLAYVGGVKVNVGYDHTHPGQSGHQIRGPSQSNDRSGGKPDEDPLFNCNGTLLGNITIFPHQIINLRTNNSSTIVVPYINCVPMDNMLKHNNLSLVIIPLVPLRPGSSGINSVPITVTIAPYKSEFSGAMEAQRQGLPTRLPSGSQQFMTTEDEQSPNILPGFHPSKKIHIPGMITNVMHMARVDSFIPINNIQGEVGKVSMYYITVTKKTVTERILVLPLEMSNTLFATTLLGEVLNYYANWSGSITITFMCVCDAFSTGKFLVAYTPPGGKLPEDRKQAMLGVHIIWDLGLQSSCTIVVPWISSGFYRRTKADSFTHGGYVSLWYQTAFVPPVSGGTGSILATCSACPDMSVRMLRDSPMMEQKNELQNNDDPVENFVESTLKEVLVVPDTKPSGPQHTTKPSILGAMEIGASSNATPESTIETRYVYNTNTNAEADVEMFLGRSALWGKVTLTRQYAKWEINFQEQAHIRKKFEFFTYLRFDMEVTIVTNNTGLMQIMFVPPGIDHPETHDDRKWDSASNPSVFFQPKSGFPRFTIPFTGLASAYYMFYDGYDKPKGSDNNEYGIAPTNDMGLLCFRTLDNSGGNDVKIYVKPKHITAWVPRPPRATQYTHKYSTNYHYKPNSSGPDEHVLKDRHFIKTRPLISSAGPSDMFVHTRDAIYKCAHLTNPTDETILLALTADLQVDSTNVPGPDVIPCCDCTAGCYYSRSKDRYFPVECVSHDWYEIQESGYYPKHIQYNLLIGEGHCEPGDCGGKLLCKHGVIGMITAGGDNHVAFTDLRPYSSLSEHQGVISDYFTQLGNAFGEGFTTNIQDHFSQITKSISDKFTSKAIKWLVRIISALTIMIRNNSDLPTILATLSLLGCSSSPWSFLKDKICSWLQIQRPASKQSDSWLRKFTECCNAAKGLEWISIKIGKFIDWLKGKLVPAVQRKRDTLDRCKKISLLEEQVNGFSSASSEAQQQLIVEVDTLKKGLDELAPLYASENKRVTKIQKDLKQLSAYLKNHRHEPVCLLLHGNPGCGKSLVTTIIARGLTQEAQVYSLPPDPKYFDGYDQQQVVILDDLGQNPDGKDLSTFCQMVSTTDFIVPMASLEDKGKSFTSQYVLASTNLDTLSPPTVTIPEAIKRRFFLDADLITTSKFRNTTGLLDVAKALQPCTGCPKPAHYKTCCPLLCGKAVVVQDRKTKANFSVNTIVEQLRHENATRKKVKHNLDAIFQGLGDSETPGFIVDLLSSSKDPKVIEYCAEQGWIGKANSTIERDFNYVHYMLNCLGSLIIILGTVYALYKLMCMTQGPYTGLPNPQTKRPELRKATLQGPEHEFVRALIKRNCHVITTSKGEFNMLGIHDNCAVVPTHAECGDSVTIDGREVRVLKQCILTDTNDTDTEITLLWLDQNEKFRDIRRFIPEHQREWSNMHLATNVTKFPMLDVEVGTVIPYGEVNLSGNPTCRLLKYNYPTKPGQCGGVIANTGNIVAIHVGGNGRVGYGAALLRKYFAQSQGEITAKHDVREKGLPQINTPNKTKLQPSVFYDVFPGVKEPAALSNGDPRLEVDLSTSVLSKYKGNTQVEWNDNIQIAVDHYSAQLYMLDINPQPLTMEQAVYGIEHLEPLDLTTSAGFPYVTMGIKKKDIVNKVTKDVTKLQEMIDKYGIDLPYVTYLKDELRAPEKIKKGKTRAIEAASINDTTHFRMVFGNLFSVFHANPGVLTGSAVGCNPDVFWSQMYACMDGELLAFDYTNYDGSLHPIWFKALGKVLDNLGFPGHLVNRLCNTTHIFKNLIYTVEGGMPSGICGTSIFNTMINNIIIRVLVLETYKNIDLDKLKIIAYGDDVVVSYPFELDPMEIANKAVRYGLTITPPDKGSTFHKIDWTNVTFLKRHFKPDTKYKFLIHPVYKMEDIYESIRWTKDPKNTQDHVHSLCLLAWHNGEEVYEKFREKIRSTSVGKVLYTPPYSLLYRQWIDQFI,2.7.7.48; 3.4.22.28; 3.4.22.29; 3.6.1.15,2024-01-24
G3UYQ4,KAD9_MOUSE,1894,MASEEKTEELHPFTDIFNEDETDRNCLLSKPTCFIIFGKPGAGKTTLARNIAQAWKCIRVEALSVLEEHIAAEKETGAMLQSLLVSGHSIPDELVTKLILEKIKSPEVAHFGYILTEMPSLAQDNMTSLKQIELVKNLELQPDIIINIKCSDYDLCQRTCGQRQHSTTGYVYTREQWDPEIIESRRRKKRDFPKEGKSEEEEEEEEQEEEEAFIAEMQMVAEILQHLVQRPEDYLENVEITVKLYKELLLSALEEVMAEHNPQYLIELDGNKSPEELFMTVIERLKYLNVRRAAVITKLQGTEEEMTDIIDTEELFRTVSSYKLIAPRYRWYRSKWARSCPVSLKDGNIYSGAADYTVSFLGKMYCLSSEETLKLFSLNPRPFLLPPMPLPPCKVFIFGPEHIGKTTLANLIAEHFKAKVIDYAKLVQPRFDSAREKLIKDTITEATNTAIKVVQQRLLNEKQAKQQEERTLKELQVQYSKREYNDFLSKSSEELPSLENTGSKLSSLEIGQEDKSKSETTITGDQVKDVSTEESIEEVTENHPEVFAILEDTLRHAKELNFEQPHDKQAEILEEVIKETEDNKNRFPGAPKHGGWIVENFPLVRELWLSLIEKALLPDLVVYLSDAESNGKHVLNRLYLKNKAEIDGKILERLQEEAQAKKREEEEIRKVKEEELRLEEEKQRLMELATKKSKGRHRLTTLVAHHLALPYPDYPDNEAEEEVEDSEIHEESEAQEIPEYTRGSSLPEASETSETPEGDHEPEAEFKPPGDTAVEAETEKDPKEGLGSEDLLKVMLPEFPEDGYPNVPEMEPLKEVLNNHILSWKQLEQTIMDNVVSTLTVDVSNKTPQELLQRVVETMERPFKYSAWELNAEDYEEEAEDYQAETEIDEEQEEEEEEEEEGEEKIKEKRRHMGDTKHFCPVVLKENFVLQPGNPDEAVKYREKIYYFSSTEAKEKFLEHPEDYVSQNEPLKAPPLRICLLGPHGSGKTVCARKLAENFGIFHIQFDEFLQEKMLLKAERKFGPEFEDDSEEEQLVKQELEELAAQANVKIEEDTTKKQLPDVQLTEEEEAIKLSLTDNEPLPSEILDSILSEWWLKEPIRSTGFILDGFPRHPEEAQFLGERGFFPDAAVIIQVDDQDIFDRLLPAQVQKWKTKQHKKLERKKLIKDLKTKIKEDMVAKRRAELILEREKKRREDGTFRDEDEFSDEDADYEDDIENILEEEFPKDEEEMSEEDEEQEADATERLRNELGEKFETETNNIQSIQDEFDKVLIPIIMVNGARKMHIVQYVMNMKLKPLVENRESIFEKCYPVSSHLAHKMLSYTYKHMSSFGYWDPVKLSEGETIKPVENAENPLNPVIHRHYIYFLSNKQTKEKFMMNPIKYIRQPKPKATMPVRIMIVGPPKSGKTTVAKKLASDYGLRCLSVGDALRGMLNNHPDSELSLMLNWHLHKGKTVPDELAIQALDISLMESVCNTIGVVIDGYPVTPHQMDLLEARSIIPMVIFELHVPSKEIFKRLLLEKKTEQSMSYPLHNSSQIIAYKNAKYHKNINEIRQFYQKQHQNWHVIDGFHSKWWVWNEVLKDIQQMNKYIQTYMKKIKEGKAACIDKLCITPEELIARLGEFKQFCPVSLAESNELIDCSVTSSLEFAAEFRGHYYKMSSQEKLNKFLKDPELYVPPLAPHPLPPDDLLPKRLTLSELKSRFPKCAELQGYCPVTYQDGKQRYEALVPGNIRYALEYRNCIYICESEEKLQKFMRSPMQYWNQKLPRKLPPLKESIHLTSLPLPGYLEQGTATSLIKAMNAAGNLKPKLPFLSVRRSVLLYIAFHLKAFNPKGSEYSRKKYKKKLEQFVERCELITYLSSKMTRKYKEPQFRAIDFDHKLQTFLSLKNIDPVTG,2.7.4.4; 2.7.4.6,2024-07-24
M9PF61,ALDR_DROME,350,MNTLMKIQLVRPVFRITLRNYGKPERFMWCQKEYARAPKVVCLDGNEIPVIGLGTFNSPKGQVTEAVKVAIDAGYRHIDCAYVYQNEDEVGDGVEAKIKEGVVKREDLFITSKLWNTFHRPDLVKSALENTLSSLKLKYLDLYLIHWPMGYKEGCDLFPTDKDGKTLYSPVDYVDTWKAMEKLVEEGLVKSIGVSNFNRRQIERVLEVATIPPVTNQIECHPYLTQKKLIDFCKSKDITITAYSPLGSPNRPWAKAGDPVILEEAKIKEIAAKKKKTPGQILIRYQVQRANIVIPKSVTKDRIESNFQVFDFELTPEEIEIIESFECNGRLVPLLNQYGHPHHPFEKDEY,1.1.1.21; 1.1.1.300; 1.1.1.372; 1.1.1.54,2024-11-27
N0A3C0,POLG_FCV,1763,MSQTLSFVLKTHSVRKDFVHSVKRTLARRRDLQYLNNKLSRSMRAEACPSCASYDVCPNCTSGDIPDDGSSTMTIPSWEEITKTSTYSLLLSEDTSDELCPDDLVNVAAHIRKALSTQSHPANVEMCKEQLTSLLVMAEAMLPQRSRSMIPLHQQHQTARLEWREKFFSKPIDFLLERIGVSKDILQITAIWKIILEKACYCKSYGEEWFNIAKQKLREIKCFEGNTLKPLVGAFIDGLRLMTVDNPNPMAFLPKLIGLIKPLNLAMIIDNHENTTSGWIITLTAIMELYGITECTIDIITSLITTFYDKLAKATKFYSQVKALFMGFRSEDVANSFWYMAAAILCYLITGLIPNNGKFSKIKACLSGATTLVSGIIATQKLAAMFATWNSESIVNELSARTVAISELNNPTTTSDTDSVERLLELAKILHEEIKVHTLNPIMQSYNPILRNLMSTLDGVITSCNKRKAIARKRQVPVCYILTGPPGCGKTTAAQALAKKLSDQEPSVINLDVDHHDTYTGNEVCIIDEFDSSDKVDYANFVIGMVNSAPMVLNCDMLENKGKLFTSKYIIMTSNSETPVKPSSKRAGAFYRRVTIIDVTNPLVESHKRARPGTSVPRSCYKKNFSHLSLAKRGAECWCKEYVLDPKGLQHQTIKAPPPTFLNIDSLAQTMKQDFTLKNMAFEAEEGCSDHRYGFVCQQSEVETVRRLLNAIRVRLNATFTVCVGPEASNSVGCTAHVLTPDEPFNGKKFVVSRCNEASLSALEGNCVQSALGVCMSNKDLVHLCHFIRGKIVNDSVRLDELPANQHVVTVNSVFDLAWALRRHLSLTGQFQAIRAAYDVLTVPDKIPAMLRHWMDQTSFSDEHVVTQFVTPGGIVILESCGGARIWALGHNVIRAGGVTATPTGGCVRLMGLSAQTMPWCEIFRELFSLLAKIWSSVKVSTLVLTALGMYASRFRPKSEAKGKTKSKIGPYRGRGVALTDDEYDEWKEHNASRKLDLSVEDFLMLRHRAALGADDADAVKFRSWWNSRSKLADDYEDVTVIGKGGVKHERIRTSTLKAVDRGYDVSFAEESGPGTKFHKNAIGSVTDVCGEHKGYCVHMGHGVYASVAHVVKGDSFFLGERIFDLKTNGEFCCFRSTKILPSAAPFFSGKPTRDPWGSPVATEWKAKAYTTTSGKIVGCFATTSTETHPGDCGLPYIDDNGRVTGLHTGSGGPKTPSAKLVVPYVHIDMRTKAVTAQKYDVTKPDISYKGLICKQLDEIRIIPKGTRLHVSPAHTEDYEECSHQPASLGSGDPRCPKSLTAIVVDSLKPYCEKVEGPPHDILHRVQKMLIDHLSGFVPMNISSETSMLSAFHKLNHDTSCGPYLGGRKKDHMTNGEPDKTLLDLLSSKWKLATQGISLPHEYTIGLKDELRPVEKVAEGKRRMIWGCDVGVATVCAAAFKAVSDAITANHQYGPVQVGINMDSPSVEALYQRIKSAAKVYAVDYSKWDSTQSPRVSAASIDILRYFSDRSPIVDSAANTLKSPPVAIFNGVAVKVTSGLPSGMPLTSVINSLNHCLYVGCAIMQSLEARNIPVTWNLFSSFDVMTYGDDGVYMFPTMFASISDQIFGNLSAYGLKPTRVDKSIGAIEPIDPDSVVFLKRTITRTPQGIRGLLDRSSIIRQFYYIKGENSDDWKTPPKTIDPTSRGQQLWNACLYASQHGSEFYNKVYRLAVRAVEYEELHFEPPTYSSALEHYNSQFNGVEARSDQINMSDGTALHCDVFEV,2.7.7.48; 3.4.22.66; 3.6.1.15,2024-01-24
P74535,ARGZ_SYNY3,705,MADDIRILMCPPDHYDVDYVINPWMEGNIHKSSQERAVEQWKKLHQTIKECAIVDLVKPAKGWPDMVFTANAGLVLGENVVLSRFYHKERQGEEPYFKAWFEENGFTVYELPQDLPFEGAGDALFDREGRWLWAGYGFRSELDSHPYIAKWLDTEVVSLRLIDERFYHLDTCFCPLSGGYLLYYPPAFDAYSNRVIEMRIPPEKRIIVEELDAVNFACNAVNVNDIIIMNLVSRTLKEKLAEAGFKVRETPLTEFLKAGGAAKCLTLRVTEPILPDVHATVSIESRVIRMEGHLLDAGILNQALDLVVENSGSFRVLNFNLGVERNSTSSAEVRVSAPSHQIMEEIMTELIDLGAVPPPQELCDINTETVTQGGVAPDDFYVSTIYPTEVRVNCEWVQVTGQRMDAAIVVTSNPPSARCVLLRDLQVGDRVMVGVEGIRTIKKVESHEGGTRKENKEFAFMAAGVSSERRVELLVEQIAWEMRQIRDQGGKIVVTAGPVVIHTGGAQHLSHLVREGYVHALLGGNAIAVHDIEQATMGTSLGVDMQRGIPVRGGHRHHLKIINSVRRYGGIRQAVEAGFISKGVMYECVKNNIPYCLAGSIRDDGPLPDTEMNLVRAQSRYSELIQGADMILMLSSMLHSIGVGNMTPSGVKMVCVDINPAVVTKLSDRGSVESVGVVTDVGLFLSLLVRQLQQLTRPYSLAETL,3.5.3.27; 4.3.1.12,2024-07-24
Q6PMV1,POLG_FMDVP,2322,MNTTDCFIALLYALREIKALFLSRTQGKMEFTLYNGEKKVFYSRPNNHDNCWLNAILQLFRYVDEPFLEWVYDSPENLTLEAINKLEEITGLELHEGGPPALVVWNIKHLLYTGIGTASRPSEVCMVDGTDMCLADFHAGIFLKGQDHAVFACVTSDGWYAIDDEDFYPWTPNPADVLVFVPYDQEPFNAEWKAKVQKRLRGAGQSSPTTGSQNQSGNTGSIINNYYMQQYQNSMDTQLGDNAISGGSNEGSTDTTSTHTNNTQNNDWFSKLANTAFSGLFGALLADKKTEETTLLEDRILTTRNGHTTSTTQSSVGVTYGYATAEDFVSGPNTSGLETRVVQAERFFKTHLFDWVTSDPFGRCHLLELPTDHKGVYGSLTDSYAYMRNGWDVEVTAVGNQFNGGCLLVAMVPELCSISKRELYQLTLFPHQFINPRTNMTAHITVPYLGVNRYDQYKVHKPWTLVVMVVAPLTVNNEGAPQIKVYANIAPTNVHVAGELPSKEGIFPVACSDGYGGLVTTDPKTADPVYGKVFNPPRNLLPGRFTNLLDVAEACPTFLHFDGDVPYVTTKTDSDRVLAQFDLSLAAKHMSNTFLAGLAQYYTQYSGTINLHFMFTGPTDAKARYMVAYAPPGMEPPKTPEAAAHCIHAEWDTGLNSKFTFSIPYLSAADYAYTASDVAETTNVQGWVCLFQITHGKADGDALVVLASAGKDFDLRLPVDARTQTTSAGESADPVTATVENYGGETQVQRRQHTDIAFILDRFVKVKPKEQVNVLDLMQIPAHTLVGALLRTATYYFSDLELAVKHEGDLTWVPNGAPETALDNTTNPTAYHKEPLTRLALPYTAPHRVLATVYNGSSKYGDTSTNNVRGDLQVLAQKAERTLPTSFNFGAIKATRVTELLYRMKRAETYCPRPLLAIQPSDARHKQRIVAPAKQLLNFDLLKLAGDVESNPGPFFFSDVRANFTKLVDTVNQMQEDMSTKHGPDFNRLVSAFEELAAGVKAIRTGLDEAKPWYKLIKLLSRLSCMAAVAARSKDPVLVAIMLADTGLEILDSTFVVKKISDSLSSLFHVPAPAFSFGAPILLAGLVKVASSFFQSTPEDLERAEKQLKARDINDIFAVLKNGEWLVKLILAIRDWIKAWIASEEKFVTMTDLVPGILERQRDLNDPGKYKEAKEWLDNARQACLKSGNVHIANLCKVVAPAPSKSRPEPVVVCLRGKSGQGKSFLANVLAQAISTHFTGRTDSVWYCPPDPDHFDGYNQQTVVVMDDLGQNPDGKDFKYFAQMVSTTGFIPPMASLEDKGKPFNSKVIIATTNLYSGFTPKTMVCPDALNRRFHFDIDVSAKDGYKINNKLDIVKALEDTHANPVAMFQYDCALLNGMAVEMKRMQQDMFKPQPPLQNIYQLVQEVIERVELHEKVSSHLIFKQISIPSQKSVLYFLIEKGQHEAAIEFFEGMVHDSIKEELRPLIQQTSFVKRAFKRLKENFEVVALCLTLLANIVIMLRQARKRYQSVDDPLDGDVTLGDAEKNPLETSGASAVGFRERSPTEQGTREDANAEPVVFGREQPRAEGPYAGPLERQKPLKVKAELPQQEGPYAGPMERQKPLKVKAKAPVVKEGPYEGPVKKPVALKVKAKNLIVTESGAPPTDLQKMVMGNTKPVELILDGKTVAICCATGVFGTAYLVPRHLFAEKYDKIMLDGRALTDSDYRVFEFEIKVKGQDMLSDAALMVLHRGNRVRDITKHFRDVARMKKGTPVVGVINNADVGRLIFSGEALTYKDIVVCMDGDTMPGLFAYRASTKAGYCGGAVLAKDGAETFIVGTHSAGGNGIGYCSCVSRSMLLKMKAHIDPEPHHEGLIVDTRDVEERVHVMRKTKLAPTVAHGVFNPEFGPAALSNKDPRLNEGVVLDDVIFSKHKGDTRMSEEDKALFRRCAADYASRLHSVLGTANAPLSVYEAIKGVDGLDAMEPDTAPGLPWALQGKRRGALIDFENGTVGPEVEAALKLMESREYKFVCQTFLKDEIRPLEKVRAGKTRIVDVLPVEHILYTRMMIGRFCAQMHSNNGPQIGSAVGCNPDVDWQRFGTHFAQYKNVWDVDYSAFDANHCSDAMNIMFEEVFRTEFGFHPNAEWILKTLVNTEHAYENKRIVVEGGMPSGCSATSIINTILNNIYVLYALRRHYEGVELDTYTMISYGDDIVVASDYDLDFEALKPHFKSLGQTITPADKSDKGFVLGHSITDVTFLKRHFHMDYGTGFYKPVMASKTLEAILSFARRGTIQEKLISVAGLAVHSGPDEYRRLFEPFQGLFEIPSYRSLYLRWVNAVCGDA,2.7.7.48; 3.4.22.28; 3.4.22.46; 3.6.1.15,2024-07-24
Q73MU2,PNTCW_TREDE,616,MIKQAVILAGGLGSRLKDKTKTMPKGFLEIGGTAIVEQSVQKLLAHGIEKIVIGTGHCNEYYDNLAKKYPAIITVKNENYANTGSMGTLEVCASFVNESFLLLESDLIYDSAGLFSLINDERKNLILASGATKSGDEVYLEADEKNCLTGLSKNRDALKNIFGELVGITKLTKSTLDKMCAYAKIHHSDLPKMEYEHALLEAAKTIPVAIKRIEYFVWREIDNEDHLEMAVKNIYPHIVENEKLRAVRREVLLNPGPATTTDSVKYAQVSADICPREKAFGDLMQWLCDELKLFALASETNPDEYETVMFGCSGTGADEVMVSSCVPDTGRLLVIDNGSYGARMAKIADIYKIPMDIFKSSTYEPLDLQKLEAEFATKKYTHLACVYHETTTGLLNPLHIICPMAKKYGMVTIVDAVSAYCGMPMDLKSLGIDFMASTSNKNIQGMAGVGFVICNKAELEKTKDYPMRNYYLNLYDQYAYFAKTHQTRFTPPVQTMYALRQAVLETKQETVQKRYERYTACWNILVAAIKKLGLKMLVKEEHQSHFITAILEPETPKYSFEALHDFAAEHSFTIYPGKLGNIDTFRIANIGDIQPEEMRRFTVKLKEYMNGIGVGV,2.6.1.37; 2.7.7.107,2024-03-27
Q7S8A6,PYR1_NEUCR,1832,MAATVYRPATAPIADAPCEGLVCLELEDGSAYQGYSFGAPKSIAGELVFQTGMVGYPESVTDPSYRGQILVITFPLVGNYGVPSRETVDDLLKDLPAHFESNQIHIAGLVTASYAGEDFSHFLATSSLGTWLKEQGIPAMYGVDTRALTKRIREKGSMLGRMLLQKEDLAVSAPSLGVPGDWKPHFETIEWVNPNEKNLVAEVSIKEPKLYKPDEATALKHPSGRNLRILCLDVGMKYNQLRCFIKRGVEVLVCPWDYDFSKEEYDGLFISNGPGDPKVMDTTVEHISAALQKNNTPIFGICLGHQLLARAAGAKTVKLKFGNRGHNIPCTSMVTGKCHITSQNHGYAVDATTLPTGWQELFINANDGSNEGIMHVDRPHFSVQFHPESTPGPRDTEFLFDVFIQTVAKCTTDNTLLQKGVEFPGGTTEENERLHPRVDVKKVLVLGSGGLSIGQAGEFDYSGSQAIKALKEEGIYTVLINPNIATIQTSKGLADKVYFLPVNAEFVRKVIKYEQPDAIYCTFGGQTALSVGIQLKDEFEALGVKVLGTPIDTIITTEDRELFARSMESIGEKCAKSASASSVEEALNAVKDIGYPVIVRAAYALGGLGSGFANNEAELVDLCNKALAASPQVLVERSMKGWKEIEYEVVRDAQDNCITVCNMENFDPLGIHTGDSIVVAPSQTLSDEDYNMLRTTAVNVIRHLGVVGECNIQYALNPFSREYCIIEVNARLSRSSALASKATGYPLAFIAAKLGLGIPLKEIKNTVTKVTCACFEPSLDYVVVKMPRWDLKKFTRVSTQLGSSMKSVGEVMSIGRTFEEAIQKAIRAIDFHNLGFSESKGALMSVDDELQTPSDQRLFAIANAMHAGYTVDRIWELTKIDKWFLSKLKGLSNFAKDMTKLTANDVVGRPDLLLRAKQLGFCDRQLANFWDSNELAIRRMRLEAGITPFVKQIDTVAAEFPAFTNYLYLTYNASEHDVSFEDRGVMVLGSGVYRIGSSVEFDWCSVRAIRTLRESGFKTIMVNYNPETVSTDYDEADKLYFENINLETVLDVYQMEDATGVLGAMGGQTPNNIALPLLRAGVRVLGTSPEMIDTAENRYKFSRMLDRIGVDQPTWKELTSFDEAKAFCQKVSYPVLVRPSYVLSGAAMNTVYSEADLESYLQQAADVSPEHPVVITKYIENAKEIEMDAVAKDGKVVGHFISEHVENAGVHSGDATLILPPQDLEQTTIQRIEEATRKIGAALNVTGPFNIQFIAKDNDIKVIECNVRASRSFPFVSKVMGVDLIEMATKAIMGLPFVEYPAIDRPSGGVGVKVPQFSFSRLSGADPVLGVEMASTGEVASFGVDKYEAYLKALMSTGFKVPKKNILLSIGSYKDKKEMLPSVAKLSQMGYKLFATAGTADFLQEHDIPVQFLEVLAKEDDQKSEYSLTQHLANNMIDLYINLPSNNRYRRPANYISKGYQTRRMAVDYQIPLVTNVKNAKILVEAIARYRDMEIGERDYQTSHTPLQLSGQVNFTLQDSLSRPHSFKKAHVLSVEQYTRADLHLLFTVAEEMRLSVQRGNVMDILKGRMLATLFYEPSTRTSASFEAAMKRLGGEVISIATQHSSVQKGETLQDTLRTLACYADAIVLRHPDETCVDVAKKYSPVPVVNAGNGSREHPTQAFLDLFTVREELGTVQGLTFTFVGDLRYGRPVHSLVYLLRHYSGVKVQLVSPKGLELPTDVRQQLVKAGQLLCESETLTPEILGKTDVLYCTRVQKERFPSEAEYEKVKGSYRIDNQTLKHAKSKMAIMHPLPRNEEIAEEVDFDQRAAYFRQMRYGLYCRMALLALVMSG,2.1.3.2; 3.5.1.2; 6.3.4.16; 6.3.5.5,2024-01-24
Q7SH52,CARB_NEUCR,1168,MLSTVHKAGRAPALLRHGRRVPVQASQLRALTSGAQNTSIFQTQANAAQRLSSQKRWLSASAAAAAASQPAPDAKAYIQSGVVKPRDHVDVKKVLVIGSGGLAIGQAGEFDYSGSQALKALKEAGVASVLINPNIATIQTNHSLADEVYYLPVTPEYVEYVIQREKPDGIFLSFGGQTALNLGVQMQKLGLFEKYGVKVLGTSVRTLELSEDRDLFAKALEEINIPIAKSFAVNTVDEALDAANKIGYPIIVRAAYALGGLGSGFANNEEELRNMAARSLTLSPQILVEKSLKGWKEVEYEVVRDANNNCITVCNMENFDPLGIHTGDSIVVAPSQTLSDEEYHMLRSAAIKIVRHLGVVGECNVQYALQPDGLDYRVIEVNARLSRSSALASKATGYPLAYTAAKIGLGHSLPELPNAVTKTTTANFEPSLDYIVTKIPRWDLSKFQHVKRDIGSAMKSVGEVMAIGRTFEESFQKAIRQVDPRFVGFQGDKFEDLDFELQNPTDRRWLAVGQAMLHENYSVDRVHELSKIDKWFLYKLQNIVDCQKEMQQLGSLEALKKEHILKAKKLGFSDKQIAMAVNSTEDLVRAARKGFGIRPWVKKIDTLAAEFPADTNYLYTTYNASSHDVTFEDKGTVILGSGVYRIGSSVEFDWCAVSATQALRAMGEKTVMINYNPETYSTDFDTADKLYFEELSYERVMDIYELESASGVVVSVGGQLPQNIALRLQETGKARVLGTDPRDIDRAEDRQKFSEILDSIGVDQPAWKELTSVEEAEKFAEEVGYPVLVRPSYVLSGAAMTVIRSKEDLKDKLEAAANVSPEHPVVITKFIEGAQEIDVDGVASEGNLILHAVSEHVEQAGVHSGDATLVLPPANLDQTTMDRVKEIAQKVAKAWRITGPFNMQIIKAEDPEGGLPALKVIECNLRASRSFPFVSKVLGVNFIDAATKALVGKNVPEPTDLMAVKRDYLATKVPQFSWTRLAGADPFLGVEMASTGEMACFGKDLVDAYWASLQSAMNFRVPEPGEGLLFGGDLSKSWLTTIVDYLSPLGYKLYAADNEVKQFLESSAKTKIDVEVIAFPTNDKRALREVFAKNNIRGVFNLAQARGKTVFDVDYVMRRNAVDFGVPLFMEPQTAMLFAQCMAEKLPRPEGIPSEVRRWSEFIGGKPL,6.3.4.16; 6.3.5.5,2024-01-24
Q80J95,POLG_MNV1,1687,MRMATPSSAPSVRNTEKRKNKKASSKASVSFGAPSPLSSESEDEINYMTPPEQEAQPGALAALHAEGPLAGLPVTRSDARVLIFNEWEERKKSDPWLRLDMSDKAIFRRYPHLRPKEDRPDAPSHAEDAMDAKEPVIGSILEQDDHKFYHYSVYIGGGLVMGVNNPSAAVCQATIDVEKLHLWWRPVWEPRHPLDSAELRKCVGMTVPYVATTVNCYQVCCWIVGIKDTWLKRAKISRDLPFYSPVQDWNVDPQEPFIPSKLRMVSDGILVALSAVIGRPIKNLLASVKPLNILNIVLSCDWTFSGIVNALILLAELFDIFWTPPDVTNWMISIFGEWQAEGPFDLALDVVPTLLGGIGMAFGLTSETIGRKLASTNSALKAAQEMGKFAIEVFKQIMAWIWPSEDPVPALLSNMEQAIIKNECQLENQLTAMLRDRNAGAEFLRSLDEEEQEVRKIAAKCGNSATTGTTNALLARISMARAAFEKARAEQTSRVRPVVIMVSGRPGIGKTCFCQNLAKRIAASLGDETSVGIIPRADVDHWDAYKGARVVLWDDFGMDNVVKDALRLQMLADTCPVTLNCDRIENKGKMFDSQVIIITTNQQTPVPLDYVNLEAVCRRIDFLVYAESPVVDDARARAPGDVNAVKAAMRPDYSHINFILAPQGGFDRQGNTPYGKGVTKIIGATALCARAVALVHERHDDFGLQNKVYDFDAGKITAFKAMAADAGIPWYKMAAIGCKAMGCTCVEEAMHLLKDYEVAPCQVIYNGATYNVSCIKGAPMVEKVKEPELPKTLVNCVRRIKEARLRCYCRMAADVITSILQAAGTAFSIYHQIEKRSRPSFYWDRGYTYRDGPGSFDIFEDDDDGWYHSEGKKGKNKKGRGRPGVFRTRGLTDEEYDEFKKRRESRGGKYSIDDYLADREREEELLERDEEEAIFGDGFGLKATRRSRKAERAKLGLVSGGDIRARKPIDWNVVGPSWADDDRQVDYGEKINFEAPVSIWSRVVQFGTGWGFWVSGHVFITAKHVAPPKGTEIFGRKPGDFTVTSSGDFLKYYFTSAVRPDIPAMVLENGCQEGVVASVLVKRASGEMLALAVRMGSQAAIKIGSAVVHGQTGMLLTGSNAKAQDLGTIPGDCGCPYVYKKGNTWVVIGVHVAATRSGNTVIAATHGEPTLEALEFQGPPMLPRPSGTYAGLPIADYGDAPPLSTKTMFWRTSPEKLPPGAWEPAYLGSKDERVDGPSLQQVMRDQLKPYSEPRGLLPPQEILDAVCDAIENRLENTLEPQKPWTFKKACESLDKNTSSGYPYHKQKSKDWTGSAFIGDLGDQATHANNMYEMGKSMRPIYTAALKDELVKPDKIYGKIKKRLLWGSDLGTMIRAARAFGPFCDALKETCIFNPIRVGMSMNEDGPFIFARHANFRYHMDADYTRWDSTQQRAILKRAGDIMVRLSPEPDLARVVMDDLLAPSLLDVGDYKIVVEEGLPSGCPCTTQLNSLAHWILTLCAMVEVTRVDPDIVMQESEFSFYGDDEVVSTNLELDMVKYTMALRRYGLLPTRADKEEGPLERRQTLQGISFLRRAIVGDQFGWYGRLDRASIDRQLLWTKGPNHQNPFETLPGHAQRPSQLMALLGEAAMHGEKYYRTVASRVSKEAAQSGIEMVVPRHRSVLRWVRFGTMDAETPQERSAVFVNEDE,2.7.7.48; 3.4.22.66; 3.6.1.15,2024-05-29
Q8YMD9,AGRE_NOSS1,703,MTSRIRFLMCPPDHYDVDYVINPWMEGNIHKSSRDRAVEQWQGLYQILKEHAIVDLVTPQKGWPDLVFTANAGLVLGDNVVLSRFLHKERQGEEPYFKEWFEGNGYTVYELPKDLPFEGAGDALLDREGRWLWAGYGFRSELDSHPYLAKWLDIEVLSLRLIDERFYHLDTCFCPLANGYLLYYPGAFDSYSNRLIEMRVAPEKRIAIAEADAVNFACNTVNVESIVIMNKASDALKQSLTGVGFQVLETPLTEFLKAGGAAKCLTLRVTEPVRDEVHANVYVESRIIRIEGHLLDSGLINRALDMIVDTGGSFQVLNFNLGEQRQSTSAAEVKVSAPSHEVMEEIISLLIDLGAVDLPQDERDAKLEPVIQDGVAPDDFYVSTIYPTEVRINGQWIKVENQRMDGAIAITQTPNGLLAQCKILRDLKAGEQVIVDVLGIRTIRKTESREQRNTQEFSFMSGGVSSERRVELVVEQVAWELRKIRDAGGKVVVTAGPVVIHTGGGEHLSRLIREGYVQALLGGNAIAVHDIEQNMMGTSLGVDMKRGVAVRGGHRHHLKVINTIRRHGSIAKGVESGIIRSGVMYECVRNQIPFVLAGSIRDDGPLPDTQMDLIKAQEEYAKHLEGAEMILMLSSMLHSIGVGNMTPAGVKMVCVDINPAVVTKLSDRGSIESVGVVTDVGLFLSLLTQQLDKLTSPYVSKVG,3.5.3.27; 4.3.1.12,2024-07-24
Q9Q2N9,POLG_FMDS2,2335,MNTTDCFIALVQAIREIKLLFKGIRKMKLTLYNGEKKTFYSRPNSHDNCWLNTILQLFRYVDEPFFDWVYNSPENLTLRAIEQLEELTGLELREGGPPALVIWNIKHLLYTGIGTASRPSEVCMVDGTDMCLADFHAGIFMKGTEHAVFALLTSDGWYAIDDEDFYPWTPDPSDVLCFVPYDMEPFNGSSIAKATAYVKGAGQSSPATGSQNQSGNTGSIINNYYMQQYQNSMDTQLGDNAISGGSNEGSTDTTSTHTNNTQNNDWFSKLAQSAISGLFGALLADKKTEETTLLEDRILTTRHGTTTSTTQSSVGITYGYADSDSFRSGPNTSGLETRVEQAERFFKEKLFDWTSDKPFGTLYVLELPRDHKGIYGKLTDSYTYMRNGWDVQVSATSTQFNGGCLLVAMVPELCSLKAREEYQLTLYPHQFINPRTNTTAHLQVPYLGVNRHDQGKRHQSWSLVVMVLTPPTTEAQMNSGTVEVYANIAPTNVYVAGELPGKQGIVPVACADGYGGFQNTDPKSADPIYGHVYNPSRNDCHGRFSNLLDVAEACPTLLDFDGKPYVVTKNNGDKVMAAFDVAFTHKVHKNTYLAGLADYYTQYSGSLNYHFMYTGPTHHKAKFMVAYVPPGIEVEELPKTPEDAAHCYHSEWDTGLNSNFTFAVPYLSSGDFSYTHTDTPAMATTNGWVVVLQVTDTHSAEAAVVVSVSAGPDLEFRFPIDPVRQTTSAGEGAEVVTTDPTTHGGKVTTPRRVHTDVAFLLDRSTHVHTNTTAFVVDLMDTKEKALVGAILRSATYYFCDLEVACVGKHKHVFWQPNGAPRTTQLGDNPMVLSRNNVTRFAIPFTAPHRLLSTVYNGECEYTKTVTAIRGDREVLAQKYSSAKHSLPSTFNFGFVTADKPVDVYYRMKRAELYCPRALLPAYTHAGGDRFDAPIGVAKQLLNFDLLKLAGDVESNPGPFFFSDVRSNFTKLVDTINQMQNDMSTKHGPDFNRLVTAFEELTQGVKAIKDGLDEAKPWYKVIKLLSRLSCMAAVAARSKDPVLVAIMLADTGLEILDSTFVVKKIADALSSVFHVPAPVFSFGAPVLLAGLVKVASSFFRSTPEELERAEKQLKARDINDIFAILKNGEWLVKLILAIRDWIKAWISSEEKFVTMTDLVPGILEKQRDLSDPSKYHEAKGWLENARQACLKNGNVHIANLCKVTAPAPSKSRPEPVVVCLRGKSGQGKSFLANVLAQAISTHFTGRTDSVWYCPPDPDHFDGYNQQAVVVMDDLGQNPDGKDFKYFAQMVSTTGFIPPMASLEDKGKPFNSKVIIATSNLYSGFTPRTMVCPDALNRRFHFDIDVSAKDGYKVNNKLDIIKALEDTHTNPVAMFQYDCALLNGMAVEMKRLQQDVFKPQPPILNVYQLVDEVIERVNLHEKVASQPIFKQISLPSQKSVLYFLIEKGQHDAAIEFFEGMVSDSIKEELRPLLQQTSFVKRAFKRLKDNFEIVALCLALLANIVIMIRETNKRQQMVDEAVNDYIERAGITTDDKTLDEAEKNPLETTGASTVGFRERTLPGHKVSDDVNSEPTKPEEKPQAEGPYAGPMERQKPLKVKAKLPQQEGPYAGPMERQQPLKVKARAPVVKEGPYEGPVKKPVALKVKAKNMIVTESGAPPTDLQKMVMANTKPVELILDGKTVAICCATGVFGTAYLVPRHLFAEKYDKIMIDGRAMTDRDFRVFEFEIKVKGQDMLSDAALMVLHRGNRVRDITRHFRDQARMRKGTPVVGVVNNADRWRLIFSGEALTYKDIVVCMDGDTMPGLFAYKAATKAGYCGGAVLAKDGAETFIVGTHSAGGNGVGYCSCVSKSMLLQMKAHVDPEPHHEGLIVDTRDVEERVHVMRKTKLAPTVARGVLQPEYGPAALSNNDKRLNEGVVLDEVIFSKHKGDTKMSEEDKKLFRLCAADYASHLHSVLGTANAPLSIYEAIKGVDGLDAMEPDTAPGLPWATQGKRRGALIDFENGTVGPEIEAALKLMENREYKFTCQTFLKDEIRPLEKVRAGKTRIVDVLPVEHILYTRMMIGKFCAQMHSNNGPQIGSAVGCNPDVDWQRFGTHFAQYKNVWDVDYSAFDANHCSDAMNIMFEEVFRPEFGFHPNAEWILKTLVNTEHAYENKRITVEGGMPSGCSATCIINTILNNIYVLYALRRHYEGVTLDSYSMISYGDDIVVASDYDLDFEALKPHFKSVGQTITPADKSDKGFVLGQSITDVTFLKRHFHMDYGTGFYKPVMASKTLEAILSFARRGTIQEKLISVAGLAVHSGPDEYRRLFEPFQGLFEIPSYRSLYLRWVNAVCGDA,2.7.7.48; 3.4.22.28; 3.4.22.46; 3.6.1.15,2024-07-24
S4S6Z0,LAAO4_HEBCY,626,KSFFRSLVAASLVIVSYSADTTSVPFDAESRDQIFQHHARSVISGYTNTLGEKNISVPSSPPGGERVGILGAGIGGLYSALILQSLDVPFEIIEASNRVGGRLFTHKFPNGGKYDYYDVGAMRYPLPKSDDKGNYQPGVMQRVGQLFTYLGMHKQLIPYYFKSNKSPGFQYFNGVRARIGEGSSFDAPALGINSSLIDIGVTKIVNDAVGPFAQALFDDLQKHTTTGWDDMMKNDAYSTRSYFSFKYLPSPSFGLPSEHFSTRVINWLETFDKSTGWYDRGLTETVLEAIAFGEVGDGEVDWRCIDGGSHVLPDTIAAFLHKKGGNAFVMNASVTAIGLENPNKEDSPMVVVAGGQKRKYSHVISTLPLPVLRTVDLKNSKLDIVQSNALRKLQYGPSIKIGILFKEPWWTTGQDKNGEKFDLVGGQSYTDLPIRTVVYPSYGVNTNAPSNTLIASYCWTNDAERMGSLIGTGKKTYEEQLEHLVLSNLAAVHNTDYQYLKDRLVDVHSWDWNHNPLTMGAFAFFGPGDFQDLYTSLNRPAANGKLHFAGEALSVRHAWVVGALDSAWRAVYNYLYVTDPAKLPKFFELWGKNAEWFEQPGDGKEPNSDNSLLEKFVRRTHGTVSV,1.4.3.11; 1.4.3.14; 1.4.3.2; 1.4.3.25,2024-11-27
U6BYK3,MIMOS_MIMPU,442,MALPSAFLNPFVPSPVTANPRTKFARVGKGFNVSCLIKTEQTKSAVTETGVSPATKEVNEPSLSTVLVNYSADWDPYNATSTPIYQTATFKMKSATEFGEYYYSRNANPTRHTLEALLAQIDNAKFAYCFSSGMTALTSVCELVSPGDEIVTVEDIYGGSYNFINNLIGRKEGIVVKHVNTSDLDEVKRNMSNKTKLVWLESPSNPQLRVSDIRSIAKIAHAYGAILFIDNSVMSPVLSNPLDLGADIVMHSATKFIAGNSSCIGGSIATNNEELGNKIHSFQKATGCALSPKDSWICLEGIKTMALRVQEKQRNAQLIAEFLASHPKVTEISYPGLQSDPGYELHNSQSKGPGSVISFKTGSLPLSKQIVEDTKYFSMTVSFGGVGSCICLPWYTSHSSIPDSQKLKVGLTRDLVRLSVGIEDVEDLVMDLQNVLSIQPQF,4.3.3.8; 4.4.1.13,2024-10-02
A0A1V0QSF4,T33PK_CANSA,615,MFCRLGVHQFSPLSLILNTTKLARASTLSSACYPIQCTMVNSTNITNNTTIFDNHIHRRSANYEPPIWSFDYIQSLSSSQYKGETCTSRLNELEANVKEILLVEMKSNSLAQLEFIDALQGRLLSYRFETEINTILNEKYSINIFDNPNYNLYATALEFRLLRHHGYDVSQEIFNVFKDEITSKFKARTSGEDIIGVLALYEASFYGKKSESILEEARVSSIECLENYVAMETMTRNKPSLLVNDYDDDNNMLLLVNHALELPLYWRITRSEARWFIDLYEKNHNMNSTLLEFAKLDYNMVQSIYQEDLKHLSRWWSHTKLGEKMDFFRDRLMECFLWTVGIACEPEKSYYRRMSGRLYVLITTIDDIYDVYGTLEELELFTNAVERWDVKAMDDLPEYMRMPFFLLHNTINEMAFDVLGHQNFLNVKFLKRTWVDFCKHQLQEAKWFHSGYKPTFEEYINNAWISVSGPIILMDAYFSLTNPVTKDAINLLELGYPPIIYHASMILRLTDDLGTSNDEMKRGDIPKSIQCYMNDTGVSEDEARDHMKFLISELWKEINNEDENMDSPFSKQFLQNCKNLARISQFIYQYGDGHASQDSLSKQRISELPSIINHI,4.2.3.114; 4.2.3.115,2024-10-02
A0A1V0QSH7,FPPS2_CANSA,341,MDLKSKFMEVYYKLKSELLNDPAFEFTDDSRQWVEQMLDYNVPGGKLNRGLSVIDSYQILKGGKELTEEEIFLTSALGWCIEWLQAYFLVLDDIMDNSVTRRGQPCWFRVPKVGLIAANDGILLRNHIPRILKKHFKGKSYYVDLLDLFNEVEFQTASGQMIDLITTIEGEKDLSKYSIPLHHRIVQYKTAYYSFYLPVACALVMAGENLDNHVDVKNILIEMGTYFQVQDDYLDCFGHPDVIGKIGTDIEDFKCSWLVVKALEIVTDEQKKLLFEHYGKADEASVKKVKELYKTLDLEGVFADYESTSYQKLNKSIEAHPKKEVQAVLKSFLAKIYKRQK,2.5.1.1; 2.5.1.10,2024-10-02
A0A516RTC5,AGA86_WENAE,735,MRVKSVYKKLSVSFILVMLSASQEVNSQAKVSVNLNVKHVVGGISEFDRTKYITIHANQIENEWDGDNFTSDLRDHFLNGFDVYLGRDTGGITWNLNNMQEDASRPGFANPSNIISKGINTRNNYASKTHLHVYENRKSNHVVAAQLHPFWTGESQIATKGTGWELASPTATGEYMGRYFNEFYGGNGEPVPSWIEVINEPAYEALGGKKNFTNSLQEIADFHVEVADAIRVQNPNLKIGGYTAAFPDFETGDFQRWINRDKLFIDVAGEKMDFWSWHLYDFPVIGGKEDIRSGSNVEATFDMHDHYSMLKLGHKKPYVISEYGAQTHDFRNEGWSSYRDWLFVRAQNSLMMSFMERPEDIAMAIPFTIVKAEWGFNTDKNLPYPARLMRKANEPESYTGEWVYTDRVKFYDLWKNVKGTRIDTKSTDLDIQVDAYVDGNKGYLILNNLESEETEITLDVFEKYDSSITNILKRHLTLSSNNVVIEEETFSSSISTVQLGAGSTMILEYTFANSLTIDETSTEEKYYADSYLQPIVASQPILFAVNNVVKSATYGEAVLRLGLGRDHGKSLKPIVKVNNTEVVVPDDWRGYDQADKGRFFGTIEIPVSYDLLTTNNTVSVEFPDSSGHVSSVIMQVFNFSSDIRTLSVNDVTASDTKTLLISPNPVKDGMLNMTIPAKLKNPIASIYNVSGSLLIKQSMKHSQTSIPVNLFDKGVYLLVLQDGSKKIGESKFVIQ,3.2.1.222; 3.2.1.81,2024-11-27
A0A7J6HWR9,FPPS1_CANSA,340,MADLKAKFLNVYSVLKSELLQDPAFEFTDISRQWVERMTDYNVPGGKLNRGLSVIDSYKLLKGEELTEEEIFLASALGWCIEWLQAYFLVLDDIMDNSHTRRGQPCWYKVPKVGMIAANDGVLLRNHIFRILKNHFKDKPYYVDLLDLFNEVEFQTASGQMLDLISSEGENDLSKFSLSLHRRIVQYKTAYYSFYLSVACALLMSGENLEDHVDVKNILVQMGIYFQVQDDYLDCFVDPKILGKIGTDIEDFKCSWLVVKALELSNEEQKKILNENYGKADPEKVAKVKALYKELDLEGEFADYESKSYEKLITSIESHPSKAVQAVLKSFLGKIYKRQK,2.5.1.1; 2.5.1.10,2024-10-02
A0A8H4CUY8,CGCS_COLGL,760,MPTFAQPVPDDIVASSGLRSKFRPHVHGNYQICVEPSKGMETFYNDAMSTQLESKTLADIPGLGLVHPMALAMANCLPERLPAITRFADFTILNDDYYDIAKRDEIEKVNSDIQNALQDASVPGSKTQSSAGSDKDFKPKQMQAALVLELIMLDQQLAMDIMSSYSQGLDVATFAPDNLRTLDEYLPVRKVNSGLDVTAEMVCFGMGLRISPSDKAKLRPVVDLANFAITVVNDLYSWPKEIKCHLETPGSELPFNAVAVLMRHGGYSEPEAFRILYAKQAELEGEHLRQLDALRAQEGGRLPENQELYVENAQRAVCGSELWSVYTRRYPSKADLRQPEVEFVDGAFRYVADGEGAGEEKVVSESVESLPTTEVEDEFSSSDASPGSVDQAISTPPSTTFCSCEDEEEHIADVKEVCEDEADGVRDMSDISQKSKKKIDTLLPEGPGLTTYASRLEAAPDHAVIAPIKYLATLPSKGVRDTFIDALNWWLEVPEDSLRTIKTIISMLHDSSLILDDIEDDSTLRRGSPAAHMIFGTAQCINAANHIFVMVLAELQKLRSPLKTAILIATEELESLFVGQADDLHWKYHVDCPSTEDYMEMIDNKTGGLFRLCVRLLQAESTRTDVLDLDPRPFVRQLSLFFQIRDDYQNLVSDAYAKQKGFAEDLDEGKISLPIILTLQRARTRPEIMGVLKHKQPGPMAIEMKQYIVREMEKCGALESTRELLQGMQEDLIAELRRLEGDFGAKNATLELVLRRLWIS,2.5.1.158; 4.2.3.213,2024-03-27
A6K136,PPM1K_RAT,372,MLSTAFITLVRSGRNQVKKRVLLSSILLQDHRQMTPACYCSISEPRCSRFDPDGSGQPATWDNFGIWDNRIDEPILLPPSIKYGKPIPKISLENVGCASLIGKRKENEDRFGFAQLTEEVLYFAVYDGHGGPAAADFCHTHMEKCVTDLLPREKDLETVLTLAFLEIDKAFSSYAHLSADASLLTSGTTATVALLRDGVELVVASVGDSRALLCRKGKPMKLTTDHTPERKDEKERIKKCGGFVAWNSLGQPHVNGRLAMTRSIGDLDLKASGVIAEPETTRIKLYHADDSFLVLTTDGINFMVNSQEICDFVNQCHDPKEAAHAVTEQAIQYGTEDNSTAVVVPFGAWGKYKNSEITFSFSRSFASSGRWA,3.1.3.16; 3.1.3.52,2024-01-24
B9SIM3,KSL4_RICCO,774,MLLGSTNTLRISSHGKEWEGKTLTGMPLGKVNQRVKVPASDSEGAITSKIKEMLSKVGLSVSSYDTAWVAMVPTLDSSKQPLFPKSLNWIMENQQSDGSWGLDLQHPLLIKDSLSSTLACVLALQKWNVGQQLIHKGLDFIQSNIWAAKDEHQHSPIGFDIIFPSMIEYGRDMGLNLSLNQSLVETMLLKRELETKSLKDKPSNLAYVAEGLNRLNDWKEVMKFQRSNGSLFNSPSSTAAALIHLHDGKCFEYLNSLAKQFGNAVPTIYPFDIYARLSIIDTLEKLGIDSYVSEDKERVLDDICRCWMQGSEEIFLDPTCCAMAFRLLRMNGYAISSDALANFDEKEKLLHTKDIKAMLELFKASQLEICEDESALCRIYAWTSNYLKEELVNGEIPDKSLQAEVDHALGHPHASMERKEIKNFIENYNADKVSLLKTSYRFCNANENYLLAFSFRDFNMYQSMHREELDDLERWVKQYGLDKLKYARQTIRSAYFSITSSLFQPNHSDARISWAQNTVLTTVVDDFFDFSGSMEELLNLIELIERWDEHTTIGFKSKEVEILFNALYGSVNDLADKAYIVQGRCVKRDLIDIWIILLKTMLKEAEWARDKNVPGMDEYIENGYISFALGPVILISLYLMEPLSEEVVTSKEYDNLFIHASIIGRLLNDRVTAKREFAQGKLNSVSLQVVGSNGAITEEEAKEEVTRIITSHRRELLRMVVQTEGSIVPKSCKNLFWTMSKLLHLFYMSEDGYSSPTKMLSAINAIVNEPIVLP,4.2.3.185; 4.2.3.19; 4.2.3.229,2024-10-02
C0PBF8,OXDA_MAIZE,386,MSAAPPRRVVICGGGVVGACTAYFLATHAASPTVPTLVERCAPACAASGKAGGFLALDWCDSTPALSRLARASFALHRRLADALGGADAYGFRPVHTLSVLLPPHPAASSSPPHPLLPPWVDPSASAAPPRELGTPDTTAQVHPGLFTKAVLAASGAEVVIGEVERVAVAWDGRVAGVVVKGRDGVLDADAVVLALGPWSGRLEVVSEVFDVSGLKAHSIVLRPREPEKVTPHCLFLSYQPEPGAKMLDPEVYPRPTGEVYICGMSKDENPPDDPATITGEPDSIAMLHKIAGKVSSQLKKEEGAEVVAEQACYLPCTADGLPVIGEIPGVKGCYVATGHSCWGILNGPATGAALAELILDGKAKIVDLEPFSPARFLKRRSRRGV,1.4.3.1; 1.4.3.3,2024-05-29
O24022,AMPL2_SOLLC,571,MATLRVSSLFASSSSSLHSNPSVFTKYQSSPKWAFSFPVTPLCSKRSKRIVHCIAGDTLGLTRPNESDAPKISIGAKDTAVVQWQGDLLAIGATENDMARDENSKFKNPLLQQLDSELNGLLSAASSEEDFSGKSGQSVNLRFPGGRISLVGLGSSASSPTSYHSLGQAAAAAARSSQARNIAVALASTDGLSAESKINSASAIATGVVLGSFEDNRFRSESKKSTLESLDILGLGTGPEIERKIKYAEHVCAGVILGRELVNAPANIVTPAVLAEEAKKIASTYSDVISVNILDAEQCKELKMGAYLAVAAAATENPPYFIHLCFKTPTKERKTKLALVGKGLTFDSGGYNLKVGAGSRIELMKNDMGGAAAVLGAAKALGEIRPSRVEVHFIVAACENMISAEGMRPGDIVTASNGKTIEVNNTDAEGRLTLADALIYACNQGVEKIIDLATLTGAIMVALGPSVAGAFTPNDGLANEVVAAAEASGEKLWRMPMEESYWESMKSGVADMINLGPGNGGAITGALFLKQFVDEKVQWLHLDVAGPVWSDEKKNATGYGVSTLVEWVLRN,3.4.11.1; 3.4.11.5,2024-11-27
Q837L8,HYLB_ENTFA,1004,MKNRKIWVMLVGLFTALTNGFMGTTLTFAEENEASQTIEQPSYISDFPNQVGHWQDLVGTAEKKNDSAGLWIANTKQGTNLESVSINLDAREQSSGDLELTFLYEGQSNFGLVFRGDKQKTSQWQSFAYNRDGRWQLGQPGGKWLTNIPGPTLLSGQQYKLLVRYDGKKIQTFLNDQLFYENEEVHYPDGTSINDDWMGAVGIRLFGNLSKLNIISMKSGPVGSIPVIDSSAEYRELKEKWRNQLVSKEYDSTNQALVDYVQKISNEATELDQTMNKEPNRSYLWPLEPGNTPSADLTTQFTKLQKLALAYGTKGSTLYQDDKLAATIIDGLDFMVTQKGYDGKKYHGNWWDWQIGVPQKFLNILMILEDKVSPEKQQIYTNALSSYVPDPFKQLYTKPQGTFVDLAFIPNFVTSGANRTDLALTVLGLGILQKDSGKINQASSSIVDVFKLVTKGDGFYQDGSFIQHNNIPYTGSYGNVLVKGVGQILAITADSSFQMDATLVTEFVENVDRAFLPLIYKGEMLPTVNGRSISRAPAVGKTGYGSTTMYNLLIVAKFAPNNYQKKFQEAVKYWMKENPDYYLTNARDFNDLQMTMQLLTNPEITGGQLPFTGTKLYASMDRFVQRTPSYMFGLGLYSKRTASFEAGNKENKRGWHTGDGMMYVYNDDEVQFNSSYWPTVDPYRLPGTTVDTISLADEVSAFTTITSKEQWVGGVTSDNQAVVGMALNKDGTKNNGKLLPMNLQAKKSWFVLNGQIIALGAGIKGDTEASIETVVDNRLLNDAYQYQVLSNIGEIHEKNETSKKQWLLLKSDHSNANMGYYFPEETTVNVKSETRKGTYKAINEAFPSDKEYVGDYRTFTIQHGQHPTNEHYAYVVLPGIDETDLKTYAAKKTVEVLSNTEEIQAVKQEEEGYLGVNIWSETGGTIAGITSNKAISLMRKTQQHQKTYTFSDPTQTTKTLTLKIPKDYSTVISQSDGITYDDATETFTINFENAAGSSKQIIVE,4.2.2.1; 4.2.2.5,2024-11-27
A0A1G9VRW7,PMS_ALLAB,339,MTTRTESPTVVQLPPVYFPTALKVHPQIELMEERGLEWMARYGFCSDPVQATRVRDSRSAHFFGYLCPKADPDRLQAAVDWGYLMFAFDDVSSDGDSSALLDIAVRIVRTLEAPDANVLPSDNPYTAPIVDLATRVHRTCAPEHVRRLVDSHTKWLLGAAWECAVRQRPSINDYLSARVMYAGAEPTFTWFQLSEAVVVPEQEITSPRVRALTEMAGTVAAIDNDLYSHGKELWTRQSRSDLSGTGLDLPSCVALRDRIVARFFELRNEVLPTASPALARYLHNLTCALRGNFEWGLETERYSNPDGNHPGAVRTLGSVSNTPSAVGPPGIPSIDWWWR,4.2.3.222; 4.2.3.224,2024-07-24
A0A1V0QSH1,TS6FN_CANSA,594,MLYRPKIYTNYNIINGGTKSRLSSACYPIQCAVVNSSNAIIDRRSANFEPSIWSFDYIQSLTSQYKGEPYTSRVKKLERDVKKILVEMENSLAQLELIDTLQRLGISYRFENEINSILNKKYVNINNPNYNLYAIALEFRLLRQHGYAVPQEIFNQLKNEIENIKKNINGNDIMGILALYEASFYEKKCESILKEARIFTTECLKNYTIMISEQKKLMIDNDYDYDIEVVNHALELPLHRRTTRTEAKWFIDAYAKKQDMNPMLLELAKLDFNIVQSTHHEDLKHIFRWWRHTKLGEKLNFARDRLMECFLWNIGIRFESKFSYFRTKTAKLFELVTFIDDIYDVYGTLDELELFTKAVERWDVKMINELPEYMKMPYLVLHNTINDMVFEVLRDQEISINIQYLKKTWVDMCKSFLQEAKWYYSGYTPTLEEYIENGWISVGAPVILVHAYFFHANNNRTITNTKEIFECLEYGYYPAIIRHSAIILRFTNDLATSSEELKRGDAPTSIQCYMQEKIVSEEEAREHIKFLINEAWKEMNNDVGLYPISLTEDATNFAKMGFFIYQHGDGHSSQDNQSKQKISSLIIEPIPLYT,4.2.3.106; 4.2.3.228,2024-10-02
A0A4D6G3C8,CHOD_ACIBA,556,MTINNYDYDYLIIGSGFGGSVSACRLTEKGYSVAVMEMGRRWKAEDFAKNNWNTRRWIWRPGMKLFGYFNMRFFRHVTIICGNAVGGGSITYANTLLVPPEHIWDEGTWADAADWKNEMPQHYAEAERMLGVTDNKIFGPADHMLKKMGEAVGVGHTFKPTRVATFFPPEGEEGGKTYPDPYFNGEGPDRGTCTACGGCMTGCKHNAKNTLDKNYLYFAEKNGAKVYEETKVVDVKPLNGKADGSDGYEVTTGCSSSWFNKQRRTWRVRNVIFSASSLGTQEMLFRLKQSGSLPNISDDLGNRVRTNAESILGVRFFGKDVDMSKGVAIGSSIYIDHDTHIEATRYQSGSDAMGLMCTYMAKGKPGWTRIFFWLWALICHPFIFLRMSNPVSFARQTLIFLVMQTADASINMRLKRNWFWPFGKVLSSEGKKLPVYIPQANAFTEKVAKMFNGHPMTTITEILFNVPFTAHCMGGCAIASSPERGVVDGQNRVFNYKNLYVVDGSMLGANLGVNPSLTITALAERAMSYIPAKHTLEEQAYTQTHNEVLEAAKVSA,1.1.3.6; 5.3.3.1,2024-11-27
A0A7J6HK32,TS9FN_CANSA,556,MSYQVLASSQNDKVSKIVRPTTTYQPSIWGERFLQYSISDQDFSYKKQRVDELKEVVRREVFLECYDNVSYVLKIVDDVQRLGLSYHFENEIEKALQHIYDNTIHQNHKDEDLHDTSTRFRLLRQHGFMVSSNIFKIFKDEQGNFKECLITDIPGLLSLYEASHLSYIGENILDEALAFTTTHLHQFVKNEKTHPLSNEVLLALQRPIRKSLERLHARHYISSYENKICHNKTLLELAKLDFNLLQCLHRKELSQISRWWKEIDFVHKLPFARDRIVELYLWLLGVFHEPELSLARIISTKVIALASVADDIYDAYGTFEELELLTESINRWDLNCADQLRPECLQTFYKVLLNCYEEFESELGKEESYKVYYAREAMKRLLGAYFSEARWLHEGYFPSFDEHLKVSLISCGYTMMIVTSLIGMKDCVTKQDFEWLSKDPKIMRDCNILCRFMDDIVSHKFEQQRDHSPSTVESYMRQYGVSEQEACDELRKQVINSWKEINKAFLRPSNVPYPVLSLVLNFSRVMDLLYKDGDGYTHIGKETKNSVVALLIDQIP,4.2.3.104; 4.2.3.57,2024-10-02
B2RVI8,ST2A6_MOUSE,285,MMSDYSWFEGIPLPDMWVQKEIVEDVHNKFVVKDEDLIILTYPKSGTNWLIEIVCLIQTKGDPKWIQSVPNWERSPWLESKSGYSVLTSKEGPRLMTSHLPIHLFSKSFFSSKAKVIYLIRNPRDVLVSGYFFWANTNLVKNLESLGIYFEQFLKGNVRYGSWFEHIHGWLSMRERNNFLVLYYEDMKKDAKGTIKKICDFLGKNLGPDELDLVLKYSSFQAMKENNMSNYSLIKEDQITNGLKLMRKGTTGDWKNHFTVAQTEAFDKVFQDKMVGFPPGMFPWE,2.8.2.14; 2.8.2.2,2024-01-24
C6EUD4,APSCT_FASHE,478,MYQLAFLRCRYASPIVREARRAFHASRKCQYYIDGPQEPFSPMPGRFPKWASNGDETFGFLKDGANVFIHGGAATPSLLIKELYEYVMSKNLKDIKLFHIHTEGPYPFNDAEGHFRSTSLFTGGNCRKAIQEGRADYTPIFLSEIPLLFRRKHVQLDLALINVTPPDKHGFCSLGPSVDVTRAAIQNATHIVAQVNDQLPLTRGDASIHFSNLTVMRAGSQPCHEMSPRPASEVEDKIGQIIAENLVEDGATLQTGIGAIPDAVLSKLTNHKNLGVHTEMFSDGVVQLVQLGAITNAYKKLRPGKVVSSFVVGTRKVFDFLDNNPMVDMCDVAWVNSPVVIAQNPKPVAINSCIEIDITGQVSSDSIGTTIYSGFGGQVDFLRGAAVSLDGQGKPIIAVPSVTKRNETKIVPHLKLGGGVVTTRAHVHYVVTEYGIAYLFGKNLRQRAHALIQIAHPDHRESLEKAAFDRLKVMPSPL,2.8.3.18; 2.8.3.27,2024-11-27
D5SK09,HPS_STRCL,321,MTISVPQLDCPLSRPVHPEGERADAYAVEWLRGVGLMADEADAAPVLAVGLGRLAACYVDENASWDTLAFMTILMAWYAEYDDRAIDSTGAIDGLTDAEVAELHRALGEILRDRPAPDPSDPVQRGLADVWRTLNGLASDWDRAAFVDTTLRYFEANRYERVNIRRGIPPTPSAHIGMRRHGGHVYGMYILGAAVNGYRPERRVLDHAAVRELETLAANYTSWANDLHSFAREHRMGQVNNLVWSVHHHEGLTFQQAADRVADLCDKELAAYLELRQTLPELGIPLTGATGRHVRFLEDMMWSMVDWSARSARYDVVPEAA,4.2.3.201; 4.2.3.202; 4.2.3.203,2024-05-29
M1T1K4,ARGM_STREL,369,MSLTPLGQRLAEVAASPEEPWEILAENVPVWPEPPRLQAVGSWDLDAQYAPSQGTEELLEALRLRQREQGIDVGAESLLVTNGAFDGLGLIARHLTGKGVRRAVCAGPVLLSVADLLRDLGLDVQVPDWPELVGGRSWSALGPGDLLYLNSPHNPTGACLDEATARDLFAAQRRLGFALVLDLVYDAFVHDPAALAAPPALVEDWRGVYGLNSFSKNYGAPGLRVGWITADPQEVDRLTARMEWERIAVSTRAQSQAAQLCKLGNQPLTERVRAGHRLVLDWARANGMRVSPPQGGTHVWVEAGVPDTEALADALMAEHRLVVTTSAHYHPASSRHIRVPTGVEPAFLTRSLEAVSAVSERLRRSATVG,2.6.1.125; 2.6.1.126,2024-07-24
P0DXD5,STSC_STRE0,299,MTTMTTNTRRTVWRTVWREIHVSWLFIRSDRWTTLFPATCFVLAAAVHTRLPPAETAVAVASGVLYFWLFVYEHTLANQLVGLEEDRVNKPLRPLVSGRSSVRGARLRLIAVRVAFPLYGWFLGVLEWALLWQVLSLLQHEGGWGRHWLGRNLYAGIGVVAQLAAAWEIVAPVTPDAWRWIVTLTITVTLLMSVQDLRDITGDRAVGRSTMPLVFGERNTRVFLCAGFALGPLAIHHFLMAPAGPHWWIVATDVVLGGLSLLLAFRVVLRRGQRSDQHTYRLVEQWYTLALAASLYTLR,4.2.3.216; 4.2.3.217,2024-07-24
